t,goal,dataset,task_id,action,adaptive_score,fixed_rc2o_score,delta,retention,cost,stability,action_changed_from_previous
0,Goal_A_accuracy,PermutedMNIST,1,accuracy_specialist,1.6948927125944868,1.6707717140451417,0.02412099854934513,0.9134847923228702,0.6003902465456057,0.8388525136128411,True
1,Goal_B_retention,PermutedMNIST,1,RC2O_static,2.0299771897637373,2.0299771897637373,0.0,0.999,0.5390624998693921,0.9228739470294516,True
2,Goal_C_cost,PermutedMNIST,1,cost_saver,1.9203537100643855,1.7753906966038704,0.1449630134605151,0.9207188062497178,0.3196580026129079,0.8020435203152014,True
3,Goal_D_stability_drift,PermutedMNIST,1,drift_stabilizer,2.3610037744602637,2.2856744624876546,0.07532931197260906,0.999,0.5981466377886823,0.999,True
4,Goal_E_specialization,RotatedMNIST,1,specialization_promoter,1.8896221862635076,1.6756702366155136,0.21395194964799402,0.9614212341178449,0.5895017002180062,0.8820814026873123,True
5,Goal_A_accuracy,RotatedMNIST,1,accuracy_specialist,1.6865566046273885,1.6522653216725054,0.03429128295488315,0.9237504486456933,0.583293002616936,0.8492211614356961,True
6,Goal_B_retention,RotatedMNIST,1,RC2O_static,2.0445579100200364,2.0445579100200364,0.0,0.999,0.538399418755833,0.9409634188507376,True
7,Goal_C_cost,RotatedMNIST,1,cost_saver,1.946311165370368,1.8061774102293693,0.14013375514099868,0.9247899194676963,0.30514161242589694,0.8096739173781877,True
8,Goal_D_stability_drift,SVHNContinual,1,drift_stabilizer,2.351721723850172,2.2644079009543847,0.08731382289578749,0.999,0.6663873195000511,0.999,True
9,Goal_E_specialization,SVHNContinual,1,specialization_promoter,2.0452073891283704,1.791507506089976,0.2536998830383943,0.9441014866055975,0.6969181545957048,0.8756061189732892,True
10,Goal_A_accuracy,SVHNContinual,1,accuracy_specialist,1.5831106582394754,1.554598100284413,0.028512557955062467,0.8998933970166713,0.6904426706721705,0.8406789306428082,True
11,Goal_B_retention,SVHNContinual,1,drift_stabilizer,2.013959169294338,2.011060063531902,0.002899105762435905,0.999,0.672904335384849,0.999,True
12,Goal_C_cost,SplitCIFAR10,1,cost_saver,1.8370611831595305,1.6786776998148487,0.15838348334468177,0.922117548438213,0.37773515555838233,0.8106690045257419,True
13,Goal_D_stability_drift,SplitCIFAR10,1,drift_stabilizer,2.310113024352294,2.2605460095251706,0.049567014827123224,0.999,0.666474838803636,0.999,True
14,Goal_E_specialization,SplitCIFAR10,1,specialization_promoter,2.2171492652657423,1.9226968763263332,0.29445238893940906,0.9666930091704665,0.6975796239935959,0.8915722541714828,True
15,Goal_A_accuracy,SplitCIFAR10,1,accuracy_specialist,1.5743374482191574,1.5430172565990559,0.03132019162010158,0.9060778407031178,0.7252704167030593,0.8446597346295037,True
16,Goal_B_retention,SplitCIFAR100Coarse,1,drift_stabilizer,2.0027306540343455,1.996716191156643,0.0060144628777025755,0.999,0.7528514401319508,0.999,True
17,Goal_C_cost,SplitCIFAR100Coarse,1,cost_saver,1.7458412070601788,1.588322334098697,0.15751887296148182,0.9062854757289466,0.4341227392896535,0.8055031399586611,True
18,Goal_D_stability_drift,SplitCIFAR100Coarse,1,drift_stabilizer,2.3085725863074438,2.2105349329101154,0.0980376533973284,0.999,0.7399079635979855,0.999,True
19,Goal_E_specialization,SplitCIFAR100Coarse,1,specialization_promoter,2.2984157582397495,2.0037616429750162,0.2946541152647333,0.9425865465513454,0.7303881786131128,0.8727596703121527,True
20,Goal_A_accuracy,SplitFashionMNIST,1,accuracy_specialist,1.6957410062618137,1.6547673030880983,0.0409737031737154,0.9259817695294856,0.6201092169629893,0.8778944380745458,True
21,Goal_B_retention,SplitFashionMNIST,1,RC2O_static,2.0359015454614537,2.0359015454614537,0.0,0.999,0.5755221558511234,0.9621644400378964,True
22,Goal_C_cost,SplitFashionMNIST,1,cost_saver,1.908119750363822,1.7537310545053706,0.1543886958584515,0.9350691478975185,0.33988910730448124,0.8407818382951784,True
23,Goal_D_stability_drift,SplitFashionMNIST,1,drift_stabilizer,2.319886879272562,2.2876829952555715,0.0322038840169907,0.999,0.5787298261553816,0.999,True
24,Goal_E_specialization,SplitKMNIST,1,specialization_promoter,2.038003699469892,1.788147616212058,0.24985608325783404,0.9599824827189168,0.6395749928016112,0.9218241511306324,True
25,Goal_A_accuracy,SplitKMNIST,1,accuracy_specialist,1.6653495555385336,1.6241583371119166,0.04119121842661699,0.9301576949536082,0.6314260677806961,0.8825314352813479,True
26,Goal_B_retention,SplitKMNIST,1,RC2O_static,2.04298995581591,2.04298995581591,0.0,0.999,0.5727573527849891,0.9585404345387989,True
27,Goal_C_cost,SplitKMNIST,1,cost_saver,1.9176966563540898,1.7726818930052677,0.14501476334882213,0.9292385950119032,0.33453361916452123,0.8438188029254298,True
28,Goal_D_stability_drift,SplitMNIST,1,RC2O_static,2.3183457470366373,2.3183457470366373,0.0,0.999,0.4671910043078755,0.9837635547948866,True
29,Goal_E_specialization,SplitMNIST,1,specialization_promoter,1.690548337216352,1.5160777475085296,0.17447058970782225,0.9851852454571693,0.532229832812594,0.9687467019926491,True
30,Goal_A_accuracy,SplitMNIST,1,RC2O_static,1.7462893855833574,1.7462893855833574,0.0,0.999,0.4651442562003182,0.999,True
31,Goal_B_retention,SplitMNIST,1,RC2O_static,2.069450454885192,2.069450454885192,0.0,0.999,0.49016251874131167,0.999,False
32,Goal_C_cost,PermutedMNIST,2,cost_saver,1.9306717075486601,1.7770105636504843,0.15366114389817587,0.9279691070029237,0.3053408039826138,0.7904830379073128,True
33,Goal_D_stability_drift,PermutedMNIST,2,drift_stabilizer,2.3748655937224323,2.296048436728976,0.07881715699345637,0.999,0.60183210903356,0.999,True
34,Goal_E_specialization,PermutedMNIST,2,specialization_promoter,1.8204280824990364,1.618912644527638,0.20151543797139837,0.954034083072095,0.5911924985546443,0.8777441390542117,True
35,Goal_A_accuracy,PermutedMNIST,2,accuracy_specialist,1.6802361551898968,1.6510334444952504,0.029202710694646417,0.9146619075204709,0.5971472800216573,0.8319060415303698,True
36,Goal_B_retention,RotatedMNIST,2,RC2O_static,2.0381154515997766,2.0381154515997766,0.0,0.999,0.5414194114236972,0.9313485059550002,True
37,Goal_C_cost,RotatedMNIST,2,cost_saver,1.9161847167668256,1.7658332020315777,0.15035151473524788,0.9192941607196301,0.32117009697010723,0.7951396911363107,True
38,Goal_D_stability_drift,RotatedMNIST,2,drift_stabilizer,2.382875300025379,2.315895825333211,0.06697947469216814,0.999,0.5812734365477188,0.999,True
39,Goal_E_specialization,RotatedMNIST,2,specialization_promoter,1.8476402446001958,1.64351849493192,0.2041217496682759,0.9527012439682767,0.6037846784770667,0.8797395217137821,True
